{
  "batch_size": 25,
  "conpco": "on",
  "data_parallel": true,
  "dataset_load_s": 1.1553771540056914,
  "device": "cuda",
  "first_batch_s": 0.004056663019582629,
  "loader_build_s": 0.00015433202497661114,
  "mean_step_s": 0.0775409841677174,
  "num_workers": 0,
  "p95_step_s": 0.4127635540207848,
  "pin_memory": false,
  "preconcat_ssl": false,
  "split": "train",
  "steps": 10
}
