{
  "benchmark_name": "full",
  "backend": "hf:Peacockery/wav2vec2-base-phoneme-en",
  "backend_name": "hf-ctc (wav2vec2-base-phoneme-en)",
  "limit": 8,
  "workers": 1,
  "extract_features": true,
  "use_gopt": true,
  "score_variant": "gop_sf",
  "score_alpha": 0.5,
  "label": "default-k2-warm",
  "posterior_batch_size": 8,
  "transport_dtype": "float32",
  "dataset_revision": "f95618ea1353303f34cf186b9c310fa2c1eb02c8",
  "device": "cuda",
  "backend_load_seconds": 2.658596044057049,
  "dataset_load_seconds": 0.9973971549188718,
  "prepared_path": null,
  "scalar_results_path": null,
  "prep_reports": [
    {
      "split": "train",
      "utterances_seen": 8,
      "utterances_prepared": 8,
      "skipped": 0,
      "posterior_seconds": 0.3587523439200595,
      "posterior_bytes": 198604,
      "transport_dtype": "float32"
    },
    {
      "split": "test",
      "utterances_seen": 8,
      "utterances_prepared": 8,
      "skipped": 0,
      "posterior_seconds": 0.032812847988680005,
      "posterior_bytes": 199752,
      "transport_dtype": "float32"
    }
  ],
  "scalar_reports": [
    {
      "split": "train",
      "prepared_utterances": 8,
      "workers": 1,
      "scalar_seconds": 1.3892896929755807
    },
    {
      "split": "test",
      "prepared_utterances": 8,
      "workers": 1,
      "scalar_seconds": 1.3626327130477875
    }
  ],
  "collect_reports": [
    {
      "split": "train",
      "scalar_rows": 101,
      "utterance_features": 8,
      "collect_seconds": 0.09679322096053511
    },
    {
      "split": "test",
      "scalar_rows": 105,
      "utterance_features": 8,
      "collect_seconds": 0.09273277898319066
    }
  ],
  "total_seconds": 8.040575735038146,
  "eval_name": "hf-ctc (wav2vec2-base-phoneme-en) (GOPT)",
  "eval_result": {
    "pcc": 0.4615555677794632,
    "pcc_low": 0.2960830603220125,
    "pcc_high": 0.6001307510580975,
    "mse": 0.08725049356608809,
    "n_phones": 105,
    "per_phone_pcc": {
      "AH": 0.22844842952788866,
      "EH": 0.7747218249548775,
      "EY": 0.9983337718908453,
      "IH": 0.8685392650322905,
      "R": 0.08114217086117385,
      "T": -0.29128358534166765,
      "V": 0.9994559575313566,
      "Z": 0.011648573564284575
    }
  },
  "extras": null
}
