{
  "benchmark_name": "full",
  "backend": "hf:Peacockery/wav2vec2-base-phoneme-en",
  "backend_name": "hf-ctc (wav2vec2-base-phoneme-en)",
  "limit": 8,
  "workers": 1,
  "extract_features": true,
  "use_gopt": true,
  "score_variant": "gop_sf",
  "score_alpha": 0.5,
  "label": "batchk2-full8-dense-reuse",
  "posterior_batch_size": 8,
  "transport_dtype": "float32",
  "dataset_revision": "f95618ea1353303f34cf186b9c310fa2c1eb02c8",
  "device": "cuda",
  "backend_load_seconds": 4.0336183299077675,
  "dataset_load_seconds": 1.1151488630566746,
  "prepared_path": null,
  "scalar_results_path": null,
  "prep_reports": [
    {
      "split": "train",
      "utterances_seen": 8,
      "utterances_prepared": 8,
      "skipped": 0,
      "posterior_seconds": 0.3462735030334443,
      "posterior_bytes": 198604,
      "transport_dtype": "float32"
    },
    {
      "split": "test",
      "utterances_seen": 8,
      "utterances_prepared": 8,
      "skipped": 0,
      "posterior_seconds": 0.03282929095439613,
      "posterior_bytes": 199752,
      "transport_dtype": "float32"
    }
  ],
  "scalar_reports": [
    {
      "split": "train",
      "prepared_utterances": 8,
      "workers": 1,
      "scalar_seconds": 12.61216671206057
    },
    {
      "split": "test",
      "prepared_utterances": 8,
      "workers": 1,
      "scalar_seconds": 13.767723081982695
    }
  ],
  "collect_reports": [
    {
      "split": "train",
      "scalar_rows": 101,
      "utterance_features": 8,
      "collect_seconds": 0.09498793294187635
    },
    {
      "split": "test",
      "scalar_rows": 105,
      "utterance_features": 8,
      "collect_seconds": 0.09407287102658302
    }
  ],
  "total_seconds": 33.631160594988614,
  "eval_name": "hf-ctc (wav2vec2-base-phoneme-en) (GOPT)",
  "eval_result": {
    "pcc": 0.5600244997070928,
    "pcc_low": 0.4126521980608147,
    "pcc_high": 0.678826398822936,
    "mse": 0.0755154448409306,
    "n_phones": 105,
    "per_phone_pcc": {
      "AH": 0.8342223577580423,
      "EH": 0.9313199711052144,
      "EY": 0.9915142022070444,
      "IH": 0.8333176996286211,
      "R": -0.0968966009231905,
      "T": -0.13046989074730136,
      "V": 0.9868955631142593,
      "Z": -0.652421662084927
    }
  },
  "extras": null
}
