{
  "benchmark_name": "full",
  "backend": "hf:Peacockery/wav2vec2-base-phoneme-en",
  "backend_name": "hf-ctc (wav2vec2-base-phoneme-en)",
  "limit": 8,
  "workers": 1,
  "extract_features": true,
  "use_gopt": true,
  "score_variant": "gop_sf",
  "score_alpha": 0.5,
  "label": "batchk2-full8-occvec",
  "posterior_batch_size": 8,
  "transport_dtype": "float32",
  "dataset_revision": "f95618ea1353303f34cf186b9c310fa2c1eb02c8",
  "device": "cuda",
  "backend_load_seconds": 2.6156347029609606,
  "dataset_load_seconds": 0.93111675104592,
  "prepared_path": null,
  "scalar_results_path": null,
  "prep_reports": [
    {
      "split": "train",
      "utterances_seen": 8,
      "utterances_prepared": 8,
      "skipped": 0,
      "posterior_seconds": 0.29139019397553056,
      "posterior_bytes": 198604,
      "transport_dtype": "float32"
    },
    {
      "split": "test",
      "utterances_seen": 8,
      "utterances_prepared": 8,
      "skipped": 0,
      "posterior_seconds": 0.03269669401925057,
      "posterior_bytes": 199752,
      "transport_dtype": "float32"
    }
  ],
  "scalar_reports": [
    {
      "split": "train",
      "prepared_utterances": 8,
      "workers": 1,
      "scalar_seconds": 9.635566301061772
    },
    {
      "split": "test",
      "prepared_utterances": 8,
      "workers": 1,
      "scalar_seconds": 10.740624227910303
    }
  ],
  "collect_reports": [
    {
      "split": "train",
      "scalar_rows": 101,
      "utterance_features": 8,
      "collect_seconds": 0.10124900203663856
    },
    {
      "split": "test",
      "scalar_rows": 105,
      "utterance_features": 8,
      "collect_seconds": 0.09684812289196998
    }
  ],
  "total_seconds": 25.46064656798262,
  "eval_name": "hf-ctc (wav2vec2-base-phoneme-en) (GOPT)",
  "eval_result": {
    "pcc": 0.4715221116864544,
    "pcc_low": 0.3076615973236064,
    "pcc_high": 0.6082198533539029,
    "mse": 0.07437967440680333,
    "n_phones": 105,
    "per_phone_pcc": {
      "AH": 0.5037225648861852,
      "EH": 0.5411295351857741,
      "EY": 0.9968769716693878,
      "IH": 0.717034542590526,
      "R": 0.5646174270935149,
      "T": -0.07351567377350503,
      "V": 0.9970351385783927,
      "Z": -0.4014840043271325
    }
  },
  "extras": null
}
