{
  "benchmark_name": "full",
  "backend": "hf:Peacockery/wav2vec2-base-phoneme-en",
  "backend_name": "hf-ctc (wav2vec2-base-phoneme-en)",
  "limit": 8,
  "workers": 1,
  "extract_features": true,
  "use_gopt": true,
  "score_variant": "gop_sf",
  "score_alpha": 0.5,
  "label": "batchk2-full8-b2",
  "posterior_batch_size": 8,
  "transport_dtype": "float32",
  "dataset_revision": "f95618ea1353303f34cf186b9c310fa2c1eb02c8",
  "device": "cuda",
  "backend_load_seconds": 2.7658719019964337,
  "dataset_load_seconds": 1.0168152879923582,
  "prepared_path": null,
  "scalar_results_path": null,
  "prep_reports": [
    {
      "split": "train",
      "utterances_seen": 8,
      "utterances_prepared": 8,
      "skipped": 0,
      "posterior_seconds": 0.2748714409535751,
      "posterior_bytes": 198604,
      "transport_dtype": "float32"
    },
    {
      "split": "test",
      "utterances_seen": 8,
      "utterances_prepared": 8,
      "skipped": 0,
      "posterior_seconds": 0.03317001205869019,
      "posterior_bytes": 199752,
      "transport_dtype": "float32"
    }
  ],
  "scalar_reports": [
    {
      "split": "train",
      "prepared_utterances": 8,
      "workers": 1,
      "scalar_seconds": 12.232748367008753
    },
    {
      "split": "test",
      "prepared_utterances": 8,
      "workers": 1,
      "scalar_seconds": 13.595946306013502
    }
  ],
  "collect_reports": [
    {
      "split": "train",
      "scalar_rows": 101,
      "utterance_features": 8,
      "collect_seconds": 0.09617894794791937
    },
    {
      "split": "test",
      "scalar_rows": 105,
      "utterance_features": 8,
      "collect_seconds": 0.08174565597437322
    }
  ],
  "total_seconds": 31.12263499107212,
  "eval_name": "hf-ctc (wav2vec2-base-phoneme-en) (GOPT)",
  "eval_result": {
    "pcc": 0.435624890254961,
    "pcc_low": 0.26618449144617284,
    "pcc_high": 0.5789511057323135,
    "mse": 0.08049575240439884,
    "n_phones": 105,
    "per_phone_pcc": {
      "AH": 0.4893656720697807,
      "EH": 0.880822340203988,
      "EY": 0.1806392330552164,
      "IH": 0.8716820762982345,
      "R": 0.11390255248754202,
      "T": -0.53035226110828,
      "V": 0.9490450506937428,
      "Z": -0.3155284916317137
    }
  },
  "extras": null
}
