{
  "benchmark_name": "full",
  "backend": "hf:Peacockery/wav2vec2-base-phoneme-en",
  "backend_name": "hf-ctc (wav2vec2-base-phoneme-en)",
  "limit": 8,
  "workers": 1,
  "extract_features": true,
  "use_gopt": true,
  "score_variant": "gop_sf",
  "score_alpha": 0.5,
  "label": "batchk2-full8-diskcache-cold",
  "posterior_batch_size": 8,
  "transport_dtype": "float32",
  "dataset_revision": "f95618ea1353303f34cf186b9c310fa2c1eb02c8",
  "device": "cuda",
  "backend_load_seconds": 3.393707774928771,
  "dataset_load_seconds": 2.3535993439145386,
  "prepared_path": null,
  "scalar_results_path": null,
  "prep_reports": [
    {
      "split": "train",
      "utterances_seen": 8,
      "utterances_prepared": 8,
      "skipped": 0,
      "posterior_seconds": 0.3691223890054971,
      "posterior_bytes": 198604,
      "transport_dtype": "float32"
    },
    {
      "split": "test",
      "utterances_seen": 8,
      "utterances_prepared": 8,
      "skipped": 0,
      "posterior_seconds": 0.03268558101262897,
      "posterior_bytes": 199752,
      "transport_dtype": "float32"
    }
  ],
  "scalar_reports": [
    {
      "split": "train",
      "prepared_utterances": 8,
      "workers": 1,
      "scalar_seconds": 10.13218160404358
    },
    {
      "split": "test",
      "prepared_utterances": 8,
      "workers": 1,
      "scalar_seconds": 11.10486282792408
    }
  ],
  "collect_reports": [
    {
      "split": "train",
      "scalar_rows": 101,
      "utterance_features": 8,
      "collect_seconds": 0.09550575900357217
    },
    {
      "split": "test",
      "scalar_rows": 105,
      "utterance_features": 8,
      "collect_seconds": 0.10584564006421715
    }
  ],
  "total_seconds": 28.62591132801026,
  "eval_name": "hf-ctc (wav2vec2-base-phoneme-en) (GOPT)",
  "eval_result": {
    "pcc": 0.41039353112830634,
    "pcc_low": 0.2374018833574263,
    "pcc_high": 0.5581552997021507,
    "mse": 0.0864188855383721,
    "n_phones": 105,
    "per_phone_pcc": {
      "AH": 0.12580180169368405,
      "EH": 0.9036777147479469,
      "EY": 0.988320108816839,
      "IH": 0.8740561882614789,
      "R": -0.2900698759004607,
      "T": -0.35192826893770196,
      "V": 0.9987745272831527,
      "Z": 0.014795042933917554
    }
  },
  "extras": null
}
