{
  "model_name": "facebook/hubert-base-ls960",
  "device": "cuda",
  "hf_home": "/home/simon/github/peacock-asr/.cache/models/huggingface",
  "dataset_examples": 8,
  "batch_size": 1,
  "dataloader_workers": 0,
  "dataloader_pin_memory": true,
  "is_w2v_bert": false,
  "gradient_checkpointing": false,
  "torch_compile": false,
  "precision": "auto",
  "autocast_dtype": "torch.bfloat16",
  "dataset_setup_s": 2.61184340598993,
  "model_load_s": 0.3891389290802181,
  "dataloader_batch_s": {
    "mean": 0.09784406109247357,
    "min": 0.09784406109247357,
    "max": 0.09784406109247357
  },
  "forward_s": {
    "mean": 0.2810641849646345,
    "min": 0.2810641849646345,
    "max": 0.2810641849646345
  },
  "backward_s": {
    "mean": 0.17859248304739594,
    "min": 0.17859248304739594,
    "max": 0.17859248304739594
  },
  "step_total_s": {
    "mean": 0.4596566680120304,
    "min": 0.4596566680120304,
    "max": 0.4596566680120304
  },
  "cuda_max_memory_bytes": 1846066176
}
